Sat Mar 2 12:10:19 PM CET 2024
Sat Mar 2 12:10:30 PM CET 2024
Mon Mar 4 06:59:26 PM CET 2024
Mon Mar 4 06:59:30 PM CET 2024
Tue Mar 5 11:37:39 PM CET 2024
Wed Mar 6 10:36:22 PM CET 2024
Wed Mar 6 10:36:34 PM CET 2024
Thu Mar 7 06:15:26 PM CET 2024
Fri Mar 8 07:32:26 PM CET 2024
Sat Mar 9 11:39:59 PM CET 2024
Sun Mar 10 11:40:39 PM CET 2024
Mon Mar 11 11:40:49 PM CET 2024
Tue Mar 12 10:00:26 PM CET 2024
Wed Mar 13 06:23:26 PM CET 2024
Wed Mar 13 06:23:36 PM CET 2024
Thu Mar 14 11:42:09 PM CET 2024
